INSERT INTO ds_category (id_category,NAME,orderNo,BankAccount,Short,CODE) VALUES (1,'Branch-1',1,'HBL - Hadeed Branch','HBL','101');

INSERT INTO ds_class (id_class,id_category,NAME,isdeleted,LEVEL) VALUES (1,1,'Class2',0,'1');
INSERT INTO ds_class (id_class,id_category,NAME,isdeleted,LEVEL) VALUES (2,1,'Class3',0,'1');

INSERT INTO ds_sec (id_sec,id_class,NAME,isdeleted) VALUES (1,1,'Sec-A',0);
INSERT INTO ds_sec (id_sec,id_class,NAME,isdeleted) VALUES (2,1,'Sec-B',0);
INSERT INTO ds_sec (id_sec,id_class,NAME,isdeleted) VALUES (3,2,'Sec-A',0);
INSERT INTO ds_sec (id_sec,id_class,NAME,isdeleted) VALUES (4,2,'Sec-B',0);

insert into ds_guardian (Id_Guardian, Id_Profession, Name, NICNo, Contact1, Contact2, Contact3, Address, ToDate, ID_User, UserTime, Id_Area) values('210','197','Ashraf Hameed','42201-8869113-7','03032768300','03442049906','02134612772','Flat 402/2',NULL,'0','2018-02-09 10:21:29','9');
insert into ds_guardian (Id_Guardian, Id_Profession, Name, NICNo, Contact1, Contact2, Contact3, Address, ToDate, ID_User, UserTime, Id_Area) values('281','27','Ch. Shafiq Ur Rehman','42101-8837796-1','03332392667','03452541869','02136672117','A-384',NULL,'0','2018-02-09 10:21:29','9');
insert into ds_guardian (Id_Guardian, Id_Profession, Name, NICNo, Contact1, Contact2, Contact3, Address, ToDate, ID_User, UserTime, Id_Area) values('407','70','Huzoor Ahmed Zai','42101-7364215-1','03362824392','03312824392','34826898','A-13 Kda Overseas Appr Block 13-c Gulshan-e-iqbal',NULL,'7','2014-03-14 09:49:27','38');
insert into ds_guardian (Id_Guardian, Id_Profession, Name, NICNo, Contact1, Contact2, Contact3, Address, ToDate, ID_User, UserTime, Id_Area) values('1175','236','Naseem Uddin','42101-3357588-3','0300-2296256','0331-2808670','-','R-187',NULL,'0','2018-02-09 10:21:29','9');
insert into ds_guardian (Id_Guardian, Id_Profession, Name, NICNo, Contact1, Contact2, Contact3, Address, ToDate, ID_User, UserTime, Id_Area) values('1503','78','Shahid Pervez','42101-1604821-1','03333425589','03463530794','-','Kda Star Flats 5',NULL,'0','2018-02-09 10:21:29','9');
insert into ds_guardian (Id_Guardian, Id_Profession, Name, NICNo, Contact1, Contact2, Contact3, Address, ToDate, ID_User, UserTime, Id_Area) values('1556','181','Sheikh Murad-ul-moin','42201-8271339-1','0300-2265925','0324-2193116','-','A-389',NULL,'0','2018-02-09 10:21:29','9');
insert into ds_guardian (Id_Guardian, Id_Profession, Name, NICNo, Contact1, Contact2, Contact3, Address, ToDate, ID_User, UserTime, Id_Area) values('1738','181','Syed Zahid Hussain','42101-7385419-9','0300-8293095','-','-','A-830 Block -h',NULL,'0','2018-02-09 10:21:29','9');
insert into ds_guardian (Id_Guardian, Id_Profession, Name, NICNo, Contact1, Contact2, Contact3, Address, ToDate, ID_User, UserTime, Id_Area) values('1760','181','Tanveer Ahmed','-','0331-2316194','-','-','B-35',NULL,'0','2018-02-09 10:21:29','9');
insert into ds_guardian (Id_Guardian, Id_Profession, Name, NICNo, Contact1, Contact2, Contact3, Address, ToDate, ID_User, UserTime, Id_Area) values('1803','108','Wajahat Ali Khan','42101-3889866-1','0321-2452922','0334-2845318','36378837','R-435/17 F.b. Area Karachi',NULL,'7','2013-12-07 17:11:51','26');

insert into ds_Student (ID_Student, ID_Sec, Id_Guardian, Id_Parent, Id_PlaceOfBirth, Id_LastSchool, Id_Nationality, Id_Religion, Id_House, RegNo, RegDate, IsAdmissioned, GRNo, Name, IsMale, DOB, DOA, DOL, IsLeftSchool, CauseOfRemoval, DiscountPercentage, DiscountReason, Freeze, Boarding, Id_User, UserTime, FakeGRNo, IsFixedLateFine, email) values('1','1','1175','1175','60','768','3','4','1','1','2012-04-01','0','1','Zunaira Ahmed1368','0','1995-08-20','2012-04-01','2013-08-30','0','On Parents Reqest','0','','0','0','7','2014-04-19 12:37:00','1368','0',NULL);
insert into ds_Student (ID_Student, ID_Sec, Id_Guardian, Id_Parent, Id_PlaceOfBirth, Id_LastSchool, Id_Nationality, Id_Religion, Id_House, RegNo, RegDate, IsAdmissioned, GRNo, Name, IsMale, DOB, DOA, DOL, IsLeftSchool, CauseOfRemoval, DiscountPercentage, DiscountReason, Freeze, Boarding, Id_User, UserTime, FakeGRNo, IsFixedLateFine, email) values('2','1','407','407','60','768','3','4','3','2','2012-04-01','0','2','Ahmed Ali Raza Zai','0','1994-11-04','2012-04-01','2014-03-30','0','Pass Out ','50','','0','0','7','2014-04-23 11:20:00','352','0',NULL);
insert into ds_Student (ID_Student, ID_Sec, Id_Guardian, Id_Parent, Id_PlaceOfBirth, Id_LastSchool, Id_Nationality, Id_Religion, Id_House, RegNo, RegDate, IsAdmissioned, GRNo, Name, IsMale, DOB, DOA, DOL, IsLeftSchool, CauseOfRemoval, DiscountPercentage, DiscountReason, Freeze, Boarding, Id_User, UserTime, FakeGRNo, IsFixedLateFine, email) values('3','1','281','281','46','768','3','4','1','3','2012-04-01','0','3','Ch. Ziyad Ur Rehman','0','1994-01-09','2012-04-01','2014-03-30','0','Pass Out ','0','','0','0','7','2014-04-23 11:24:00','1073','0',NULL);
insert into ds_Student (ID_Student, ID_Sec, Id_Guardian, Id_Parent, Id_PlaceOfBirth, Id_LastSchool, Id_Nationality, Id_Religion, Id_House, RegNo, RegDate, IsAdmissioned, GRNo, Name, IsMale, DOB, DOA, DOL, IsLeftSchool, CauseOfRemoval, DiscountPercentage, DiscountReason, Freeze, Boarding, Id_User, UserTime, FakeGRNo, IsFixedLateFine, email) values('4','2','1738','1738','60','744','3','4','2','4','2012-04-01','0','4','Hira Fatima 2442','0','1995-09-05','2012-04-01','2013-08-31','0','On Parents Reqest','0','','0','0','7','2013-09-09 13:13:00','2442','0',NULL);
insert into ds_Student (ID_Student, ID_Sec, Id_Guardian, Id_Parent, Id_PlaceOfBirth, Id_LastSchool, Id_Nationality, Id_Religion, Id_House, RegNo, RegDate, IsAdmissioned, GRNo, Name, IsMale, DOB, DOA, DOL, IsLeftSchool, CauseOfRemoval, DiscountPercentage, DiscountReason, Freeze, Boarding, Id_User, UserTime, FakeGRNo, IsFixedLateFine, email) values('5','2','1760','1760','16','772','3','4','1','5','2012-04-01','0','5','Kamran Tanveer 2462','0','1995-06-06','2012-04-01','2013-08-31','0','on branch request','0','','0','0','7','2013-09-09 13:13:00','2462','0',NULL);
insert into ds_Student (ID_Student, ID_Sec, Id_Guardian, Id_Parent, Id_PlaceOfBirth, Id_LastSchool, Id_Nationality, Id_Religion, Id_House, RegNo, RegDate, IsAdmissioned, GRNo, Name, IsMale, DOB, DOA, DOL, IsLeftSchool, CauseOfRemoval, DiscountPercentage, DiscountReason, Freeze, Boarding, Id_User, UserTime, FakeGRNo, IsFixedLateFine, email) values('6','3','210','210','60','768','3','4','1','6','2012-04-01','0','6','Madiha Ashraf','0','1995-01-27','2012-04-01','2014-03-30','0','Pass Out ','0','','0','0','7','2014-04-23 11:24:00','1038','0',NULL);
insert into ds_Student (ID_Student, ID_Sec, Id_Guardian, Id_Parent, Id_PlaceOfBirth, Id_LastSchool, Id_Nationality, Id_Religion, Id_House, RegNo, RegDate, IsAdmissioned, GRNo, Name, IsMale, DOB, DOA, DOL, IsLeftSchool, CauseOfRemoval, DiscountPercentage, DiscountReason, Freeze, Boarding, Id_User, UserTime, FakeGRNo, IsFixedLateFine, email) values('7','3','1803','1803','60','768','3','4','2','7','2012-04-01','0','7','Madiha Khan 203','0','1994-09-16','2012-04-01','2013-09-15','0','On branch Reqest','0','','0','0','7','2013-09-21 10:32:00','203','0',NULL);
insert into ds_Student (ID_Student, ID_Sec, Id_Guardian, Id_Parent, Id_PlaceOfBirth, Id_LastSchool, Id_Nationality, Id_Religion, Id_House, RegNo, RegDate, IsAdmissioned, GRNo, Name, IsMale, DOB, DOA, DOL, IsLeftSchool, CauseOfRemoval, DiscountPercentage, DiscountReason, Freeze, Boarding, Id_User, UserTime, FakeGRNo, IsFixedLateFine, email) values('8','4','1556','1556','60','159','3','4','3','8','2012-04-01','0','8','Marium Mion 2456','0','1995-06-23','2012-04-01','2013-08-30','0','on branch request','0','','0','0','7','2013-09-09 13:13:00','2456','0',NULL);
insert into ds_Student (ID_Student, ID_Sec, Id_Guardian, Id_Parent, Id_PlaceOfBirth, Id_LastSchool, Id_Nationality, Id_Religion, Id_House, RegNo, RegDate, IsAdmissioned, GRNo, Name, IsMale, DOB, DOA, DOL, IsLeftSchool, CauseOfRemoval, DiscountPercentage, DiscountReason, Freeze, Boarding, Id_User, UserTime, FakeGRNo, IsFixedLateFine, email) values('9','4','1503','1503','60','670','3','4','4','9','2012-04-01','0','9','Mehar Fatima','0','1996-03-10','2012-04-01','2014-03-30','0','Pass Out ','0','','0','0','7','2018-02-07 11:44:00','2421','0',NULL);